,0,1,2,3,4,5,6,7,8,9,10,11,12,13,14,15,16,17,18,19,20,21,22,23,24,25,26,27,28,29,30,31,32,33,34,35,36,37,38,39,40,41,42,43,44,45,46,47,48,49,50,51,52,53,54,55,56,57,58,59,60,61,62,63,64,65,66,67,68,69,70,71,72,73,74,75,76,77,78,79,80,81,82,83,84,85,86,87,88,89,90,91,92,93,94,95,96,97,98,99
0,"No tengas un autodiÃ¡logo asÃ­. SÃ© tu fan nÃºmero uno.
#psicologia #autoestima #autoconfianza #saludmental #autocuidado #amorpropio #bienestaremocional #saludemocional #reflexiones #pensamientos #ideas #emociones #sentimientos #desarrollopersonal #crecimiento #superacionpersonal https://t.co/DBOIUnOAWl","ğŸŒ¸ Conoce los 6 pilares para tener una buena autoestima y tenlos presente. Guarda esta imagen para que los recuerdes en tu dÃ­a a dÃ­a. ğŸŒ¸

#Emociones #SerParaFlorecer #DesarrolloEmocional #GestionEmocional #Sinfinesdelucro #FundaciÃ³nYdanna #autoestima https://t.co/g0PwSVdhAN",Fluye la energÃ­a dentro. #letras #escritos #sentir #emociones #frases #dst https://t.co/ebfmrK2ZBv,Cada emociÃ³n tiene un propÃ³sito #Emociones #PsicologÃ­a https://t.co/uztcdNI0v2,Botando emociones. #escritos #emociones #letras #frases #desahogo https://t.co/B85s0k46sZ,La persona que me vea en la tele me avisa eeeh!!!!! Jaaa toy con el team flow canal 605 en Primavera Sound y pueden ver todos los shows sin frÃ­o q yo trato de transmitirles las #emociones,El error de Anna https://t.co/4T8PdVwUQ4 #PymesUnidas #emociones,"A quien le recomiendas este ejercicio?
#challenge #decirnada #emociones #silencio #saludable #politicos #aprenderaescuchar https://t.co/kazL4UO3vc","*ï¸âƒ£  Nuestra Â«ideologÃ­aÂ» es un conjunto normativo de #valores, #emociones, #ideas y #creencias, que son compatibles entre sÃ­ y son nuestra Â«guÃ­aÂ» en el #GrupoDecisiÃ³nMedia.

#Libertad #Verdad #FeCristiana #Valores #Veracidad #Transparencia #Hispanidad

ğŸ“² https://t.co/9jkFMlH4YO https://t.co/2XCJALn5a9","DepresiÃ³n #postparto 
El nacimiento de un bebÃ© puede desencadenar una cascada de fuertes emociones, #gabinete #sevilla #psicologo https://t.co/w8EwLBWSVQ #imsonio #emociones #alegrÃ­a #soledad","Performance que es una experiencia de carÃ¡cter cientÃ­fico, filosÃ³fico, literario y artÃ­stico. 
 #PerfumedelVino #art #artecontemporÃ¡neo #neurociencia #inhalingart #arteinhalado #perfumeofwine #molÃ©culas #aromas #emociones #performance @Coovival 
POST
https://t.co/4Shl9sIA7Q https://t.co/WBso6YB5g4","Solo tÃº puedes darle el poder a la #depresiÃ³n ğŸ˜” de adueÃ±arse de tus #emociones ğŸ«¥

EvÃ­tala siguiendo estos tip's ğŸ‘‡

#PonleAtenciÃ³nATuSalud https://t.co/dSmqG9IucI","LGBTI+ y salud mental â¤ï¸ğŸ§¡ğŸ’›ğŸ’šğŸ’™ğŸ’œ
ğŸ‘‰ Â¡Conoce mÃ¡s! ğŸ¤“ğŸ¤—
Â¡Haz #CLICC en nuestros blogs y conoce mÃ¡s!
ğŸ‘‰https://t.co/18TMda5EFg
Ã“ mÃ¡ndanos un msj por WhatsApp 
#GeneramosExperienciasQueCambianRealidades #psicologia #saludmental #emociones #lgbt ğŸŒˆ 
Tel. 5536705657 https://t.co/oECuX4dctA",Te envÃ­o la luz que necesites para aclarar tus emociones y dar El Paso correcto en tu vida #bendiones #luz #sabiduria #emociones #dar #paso #correcto #cambio #transformacion #nuevavida #frasesparalavida #micaelachao https://t.co/VFmEbjxuM2,"Â¡Â¡Â¡ Buenas noches !!! Â¿Fumas? - 
YO DEJÃ‰ DE FUMAR - Un libro de #emociones para que intentes dejar de #fumar: 
https://t.co/VY8CqCRUZq
#dejardefumar #tabaco
https://t.co/AifnCGQF73","#Emociones | Â¿QuÃ© tan negativa puede llegar a ser la ira?

@Canal22  
https://t.co/SdlYw3hTdb","Lee esta selecciÃ³n de artÃ­culos relacionados con los #celos, las #relacionesdepareja, #emociones #amor #psicologia
https://t.co/XzdHJtqFlr Gracias a @youtubetmcom #celos #cultura","Ã‰xito en abundancia.
#biodescodificacion #numerologia #transgeneracional #reiki #terapiafractal #energiacuantica #pendulo #sanacion #espiritualidad #emociones #liberacion #emocionesatrapadas #thymus #pam #sanar #frasedeldia https://t.co/0SVolV82wl","El concepto de #Msculinidad estÃ¡ estrechamente ligado a la fortaleza, definida como la Â«capacidad para soportar problemasÂ». Los niÃ±os y adolescentes crecen sintiÃ©ndose obligados a ser fuertes, por lo que, ante los problemas no se permiten dar rienda suelta a sus #Emociones.","Todos crecemos, desarrollamos y emprendemos a nuestro ritmo, recuerda que todos somos diferentes. Â¡No te compares!
#IMAGOservicios #somosdiferentes #amorpropio #actitud #notecompares #eresunico #valesmucho #empatia #alegria #emociones #psicologia #terapiaonline https://t.co/7BF1AA4gXD","Adolescente, Â¿quÃ© te mueve? https://t.co/NRoLJo9yZc #PymesUnidas #emociones","La PoesÃ­a, la fotografÃ­a y el Shibari coinciden en la bÃºsqueda de la belleza y el sentimiento. Ver mÃ¡s en https://t.co/B7CorTVdJz
Conoce mÃ¡s sobre el Shibari en https://t.co/PMI2XUxiWD

#shibari #cuerdas #nudos #emociones #reflexion #experimentar #Vida https://t.co/4lDprQy1Dm",Seguimos sumando #emociones en los Ã¡rboles del @IESElGreco para trabajar la #inteligenciaemocional #diasaludmental #prl #riesgospsicosociales trabajo conjunto alumnado #FP y alumnado #ESO interniveles interdepartamental ğŸ§© gracias compaÃ±eros por vuestra iniciativa ğŸš€ https://t.co/SLLlAnJfuy,"Â¿Beneficios tÃ©cnica de la escalera? âœ”
#dinamicas #grow #goal #objetivo #planificacion #ejecutivo #comercial #empresa #bienestar #autoconocimiento #conciencia #crecimiento #emprendimiento #coaching #autoconocimiento #emociones #superacion #desarrollopersonal https://t.co/DBgWY9XpeG",llevamoâ€™ rato peligrandoâ¤ï¸â€ğŸ”¥ #emociones https://t.co/q43iMoNPOA,"Me ha encantado este violentometro del @PrepaTecGDL elaborado por @TecdeMonterrey 
Si queremos evitar el #bullying es fundamental que trabajemos con el alumnado el crear consciencia sobre su comportamiento. 
Â¿Y tu? Â¿CÃ³mo de violento has sido hoy?
#Psicologia #emociones https://t.co/RTIJ5YYIzY","La #saludmental es tan importante como nuestra salud fÃ­sica, nuestras #emociones al final tienden a reflejarse en las enfermedades y dejarnos en Ãºltimo lugar por todos los pendientes que tengamos es lo peor que podemos hacer.

https://t.co/UMVUXgi51W","Ayer tuve el la gran oportunidad de estar en el dÃ­a Ruler @rulerapproach del @PrepaTecGDL 
Las #emociones forman parte de la vida. Al llegar a la escuela, no podemos poner el cerebro en modo aviÃ³n, por eso es tan importante integrarlas como aliadas del #aprendizaje 
#Psicologia https://t.co/WaenVQcahi","â€œSin conquistar las fuerzas internas producto de las emociones negativas, la lucha con los enemigos externos nunca terminarÃ¡.â€
â€“ Dilgo Khyentse RimpochÃ©

#DilgoKhyentseRinpoche
#mente #emociones #enemigos","ğŸ‘‰100 valoraciones en Amazon

ğŸ“¢""Me gusta mucho como escribe sus #novelas policÃ­acas Franc Murcia. Un buen #libro tiene que provocar #emociones y este autor lo consigue con su manera de relatar la trama""

âœ…https://t.co/VHPBI3nXo6
#thriller #LibrosRecomendados #lecturas2022 https://t.co/5cdXOITh8E","- Amistad con una #IA ğŸ¤— -
Tener un Â«amigo/aÂ» que pueda conocerte hasta lo mÃ¡s Ã­ntimo, pero no al contrario Â¿se puede considerar #amistad ?ğŸ¤”
https://t.co/QqSb006RJI

#empatiaeia #socialbot #inteligenciaartificial #Replika #bot #emociones #soledad #empatÃ­a #app https://t.co/fIOPzDoN0v","ğŸ‘‰ Las #emociones intervienen en la memoria, en la actitud, y en el comportamiento.

âœ… Un #evento, si no hace reaccionar al pÃºblico, Â¿para quÃ© sirve?

ğŸ‘‰ De esto y mÃ¡s cosas hablaremos el prÃ³ximo jueves 20 de octubre con un panel de expertos

âœ… https://t.co/ivwcxaqfMM https://t.co/bG3i3NC2Wp","Equilibrio en el #liderazgo, #mente, #emociones y cuerpo 
Speaking with Norma Escudero and Brenda Lara https://t.co/qL7rgeAXOk","#FelizViernes #Biodescodificacion #CursosOnline #Terapias #Hipnosis #emociones 
Te invitamos para este prÃ³ximo mes de NOVIEMBRE 2022
Ingresa a nuestra PÃ¡gina en Facebook:
https://t.co/Q2ncSYCxIu
Y desde ella, envÃ­anos un mensaje privado (inbox) solicitando tus informes.
Gracias! https://t.co/cKI0riNDW8","#FelizViernes #Biodescodificacion #CursosOnline #Terapias #Hipnosis #emociones 
Te invitamos para este prÃ³ximo mes de NOVIEMBRE 2022
Ingresa a nuestra PÃ¡gina en Facebook:
https://t.co/Q2ncSYCxIu
Y desde ella, envÃ­anos un mensaje privado (inbox) solicitando tus informes.
Gracias! https://t.co/tmKxzKQuSi","#FelizViernes #Biodescodificacion #CursosOnline #Terapias #Hipnosis #emociones 
Te invitamos para este prÃ³ximo mes de NOVIEMBRE 2022
Ingresa a nuestra PÃ¡gina en Facebook:
https://t.co/Q2ncSYTAKu
Y desde ella, envÃ­anos un mensaje privado (inbox) solicitando tus informes.
Gracias! https://t.co/ZXmFSkVCGz","#FelizViernes #Biodescodificacion #CursosOnline #Terapias #Hipnosis #emociones 
Te invitamos para este prÃ³ximo mes de NOVIEMBRE 2022
Ingresa a nuestra PÃ¡gina en Facebook:
https://t.co/Q2ncSYCxIu
Y desde ella, envÃ­anos un mensaje privado (inbox) solicitando tus informes.
Gracias! https://t.co/k9ntvuLBeJ","âœï¸ Sigo caminando, sigo creciendo y no dejo de soÃ±ar.

 #sentimientos #emociones #oraciÃ³n #buenosdeseos #paciencia #sabidurÃ­a  #sueÃ±os #creer #confiar #poderinterior #valiente #fortaleza #perseverancia #frases #frasesinspiradoras #pensamientos #reflexionesdevida  #titacalabaza https://t.co/Xa8sG4urLo","â€¦.y todos estos candidatos â€œdesangelados â€œ, sin carisma, sin fuerza â€œinterpretativaâ€, sin capacidad de hacer â€œclickâ€ con la gente ? 
La polÃ­tica es una ciencia, pero la puesta en ejecuciÃ³n de una candidatura tiene mucho de pasiÃ³n , de sentimientos y debe provocar #EMOCIONES ğŸ¤·â€â™€ï¸","Tu #SaludMental tiene 4 componentes:
1- #psicolÃ³gico: la regulaciÃ³n de tus #pensamientos, #emociones y #conductas
2- #social: tu capacidad de socializar de manera constructiva para ti y para loa demÃ¡s",Anoche se pasÃ³ CabrÃ³n ğŸ«¶ğŸ¼ #emociones,Llega Halloween https://t.co/IwUHOmMsms #PymesUnidas #emociones,"[#Infancia] ğŸ‘¦

Esta semana los niÃ±os y niÃ±as del proyecto de PromociÃ³n del Ã‰xito Escolar de Cruz Roja en #Manzanares han estado hablando y trabajando sobre las #emociones, en el marco del DÃ­a Mundial de la Salud Mental. 

#SaludMental https://t.co/qH5anAKorz","Para esos momentos en los que a veces resulta difÃ­cil hacer frente a la realidad que nos preocupa, es importante tener algunos recursos que nos permitan recuperar la calma #Psicologia #terapia #Bienestar #estres #gestionemocional #emociones #SaludMental https://t.co/YnauBD21DW","Estos tiempos de #pandemia ha puesto a prueba nuestra fortaleza emocional. Â¿sabes que, al igual que ejercitas el cuerpo, puedes ejercitar tu #inteligenciaemocional?

https://t.co/q2XoY5CkT7 

#empatiaeia #rioabierto #gimnasio #emociones #gimnasioemociones https://t.co/zqgChkkmEp",Â¿Es bueno mentir a nuestros hijos sobre nuestra realidad? Emotivo vÃ­deo #realidad #emociones #video https://t.co/jysJbWlil3 https://t.co/XsSU98rj2q,"â­ğŸ¬#WeBarcelona Entrevista. Sra. Laura Feliu. Experta en NutriciÃ³n de @anamlajusticia
""Con la igualdad plena lograremos un descenso del estrÃ©s en la mujer"" #Salud #Bienestar #NutriciÃ³n #Equilibrio #SaludMental #Emociones #EstrÃ©s 
ğŸ‘‰ğŸ½Entrevista completa https://t.co/g9SLsygqQf https://t.co/JcxbsI38Qk","Yoga sensible al trauma: quÃ© es y cÃ³mo puede ayudarte - es mental

Conoce mÃ¡s detalles en el siguiente reportaje. ğŸ‘‡ğŸ¼

ğŸ“â¦@CamileRoldanâ©

#EsMental  #PuertoRico #yoga #Psicologos #sensibilidad #trauma #bienestar  #Emociones #salud #sensibilidad  https://t.co/BRPc77mFI3",Â¡El Ãºltimo EL DIARIO DE LAS EMOCIONES! https://t.co/L7qNFXvUzU Gracias a @lgtbi17 #noticias #emociones,#emociones a flor de piel ğŸ’œğŸ’œğŸ’œğŸ’œğŸ¤ŸğŸ¤ŸğŸ¤Ÿ https://t.co/zJ8HMlPvYV,"""COMPARTE, HAGAMOS VISIBLE LO INVISIBLE"".

#InteligenciaEmocional 
#ValorarLasCosasEnSuTiempo
#ValorarEnSuPresencia
#ValorarEnSuMomento
#CuidarTusPensamientos
#Emociones
#Pensamientos
#SePositivo
#HaciendoVisibleLoInvisible 
#HeldaMilla 
#CosasDeSanidad","Ya es posible detectar #emociones en el habla con #inteligencia #artificial
 https://t.co/vKmA42OIOe","Reconocer y aceptar las emociones, sentirse cÃ³moda/o cuando se manifiestan desagradables, es sinÃ³nimo de equilibrio emocional.

#equilibrio #emociones #SaludMental #Bienestar #GrupoSEPIContigo https://t.co/RdBencHc52","Abrazando Al Alzheimer constituye un relato emocionante que nos sumerge en una historia de vivencias personales y familiares que comienza, cuando su madre es diagnosticada de Alzheimer.
https://t.co/YXIh1Mm9xa
#coaching #mentoria #emociones #presion #abraandoalalzheimer https://t.co/MbiR5gQJsb","La SOLEDAD se corresponde con esos momentos de intimidad que buscamos para relajarnos y estar bien con nosotros mismos. AquÃ­ los sentimientos de tristeza y abatimiento no tienen cabida.
Abro hilo ğŸ‘‡
 #autoestima #bienestar #saludmental #psicologia #emociones #amorpropio https://t.co/5SMCmoQJZu",+ Responsabilidad https://t.co/pCW15Kv3RK #PymesUnidas #emociones,El PerÃ­odico de Pymes Unidas estÃ¡ disponible! https://t.co/Q00rfiu3BR #pymesunidas #emociones,"Â¿HabÃ©is visto Woo, una abogada extraordinaria? Una serie que relata la vida de una abogada con trastorno del espectro autistaÂ  donde se habla de la gestiÃ³n de la emociones de una forma muy interesante.Â 
#SeriesNetflix #emociones #espectroautista #gestiÃ³nemocional #porfinesviernes https://t.co/UlB6o2fvwW","#emociones
#sentimentos
Diferencias entre emociones y sentimientos a menudo se confunden cual es cada una por esa razÃ³n te dejamos abajo las diferencias ğŸ‘‡ğŸ‘‡
Buen fin de semana en Barcelona, Spain https://t.co/QDSYgXjVTK","Los #juegos son una potente herramienta para enseÃ±ar a los mÃ¡s peques a entender y saber gestionar de manera Ã³ptima sus #emociones. ğŸ˜”ğŸ˜ƒğŸ˜¡

Te contamos todos sus beneficios y mucho mÃ¡s, Â¡haz click y no te pierdas nada! ğŸ‘‡
https://t.co/Ui0D4mBzFj https://t.co/xhXETHLnFt","â€œSintamos y vivamos nuestras emociones como el tesoro mÃ¡s preciado y personal que tenemosâ€.

Aflorar los sentimientos 
https://t.co/R0PvbT4c4a
#sentimientos #emociones #psicologÃ­a #coaching #desarrollopersonal #autoestima #coachingpersonal #crecimientopersonal #psicologÃ­apositiva https://t.co/4Tr4GlXIWc","Levanta la mano si te has sentido responsable o incluso culpable de las emociones de un ser querido.ğŸ˜…

Â¡Pues ya te puedes guardar este recordatorio! 

#kuestiona #emociones #desarrollopersonal #autoconocimiento https://t.co/K7Foy7iNRj","#Parejas #Emociones ğŸ“Œ Los acuerdos silenciosos son reglas no habladas que se mantienen dentro de una relaciÃ³n ğŸ‘©â€â¤ï¸â€ğŸ‘¨â™¥ï¸
https://t.co/Q4N49YdIvh https://t.co/kzNrZemFTN","En una cita con Curanderos MÃ­sticos a travÃ©s del tarot, la palma de la mano, usted podrÃ¡ encontrar respuesta a muchas dudas en su vida. 
ğŸ‘¥Consulta ya!
ğŸ“±+13234409286 
#chacras #espiritualidad #emociones #pensamientos #LoveinTheAir #loveiscontract #bisexual #lovers #biseuxal https://t.co/ZWbsttekUK",Los amo â¤ï¸ #pacientesfelices #queridos #saludmental #saludemocional #saludmentalyemocional #lanutriemocional #drabuenavibra #psiconutriciÃ³n #lanutriuniversal #lanutriquenoteprohibe #nutricionemocional #emociones #emocionesysensaciones #sentimientosyemociones #terapiamareyan https://t.co/wj0YM3oYdd,"Aunque no lo creamos, nuestros trabajos como diseÃ±adores influyen en los demÃ¡s, todos los elementos, sean colores o objetos, pueden provocar ciertas #emociones en los demÃ¡s, sean buenas o malas. #dno1013","MaÃ±ana se graba para #palenquetv. Â¡QuÃ© nervios!. SerÃ¡ mi primera experiencia como actriz en una serie. ğŸˆ
#series #actriz #emociones #Twitter #viral","Â¿SabÃ­as que hay quienes pueden desarrollar un miedo irracional a los espejos? Te contamos un poco mÃ¡s sobre la eisoptrofobia. ğŸ˜±ğŸ•µï¸â€â™‚ï¸ https://t.co/90i9g6xd3a

#espejos #eisoptrofobia #ciencia #emociones #fobias #curiosidades #Supercurioso",Responsabilidad emocionalâ€¦ creo que le dicen ğŸ˜¶ #emociones #breathe #CalmDown,"#FocoInformativo || Mundoâ¡ï¸ Dr. Luis Madrid: habitantes de Las TejerÃ­as deben expresar sus emociones y evitar aislamiento 
#13Octubre #doctor @LuisMadrid #habitantes #Tejerias #Expresar #Emociones #Evitar #Aislamiento
https://t.co/wmIBHnvKMc","*ï¸âƒ£  Nuestra Â«ideologÃ­aÂ» es un conjunto normativo de #valores, #emociones, #ideas y #creencias, que son compatibles entre sÃ­ y son nuestra Â«guÃ­aÂ» en el #GrupoDecisiÃ³nMedia.

#Libertad #Verdad #FeCristiana #Valores #Veracidad #Transparencia #Hispanidad

ğŸ“² https://t.co/9jkFMlYFQm https://t.co/95t0eGCYoK","#LaPausa | El FECD te invita a participar de la Pausa, actividad que permite reconocer nuestras emociones e interiorizar. ğŸ™ŒğŸƒ
.
.
.
#Paz #pausa #emociÃ³nes

https://t.co/Ra1nhqBvCN",La frustraciÃ³n https://t.co/HB3ShwGVVq #PymesUnidas #emociones,"AsÃ­ es como funciona la ley de la atracciÃ³n ğŸ™ŒğŸ»âœ¨
.
.
#alinehernandez #habitos #cambiodehabitos #pasado #futuro #emociones #creencias #actitudpositiva #vibrapositiva #motivacion #inspiracion #meditacion #bienestar #crecimientopersonal #superacion #leydeatraccion https://t.co/leGujCm7eF","Has conciencia sobre tus logros. Si no estÃ¡s donde te gustarÃ­a, quizÃ¡ tampoco estÃ©s donde esperasteâ€¦ #SaludMental #Psicologia #PsicÃ³logo #emociones #terapia #psicoterapia https://t.co/03Rc5Isfol","Porque alejarse... tambiÃ©n es un acto de amor

#PsicAliciaDdeP #dejair #vida #amor #amistad #BuenJueves  #Salud #colchonescarreiro #DoctoraDescansoÂ®
#dradescansoÂ® #emociones https://t.co/g6WmGhQrBt","Â¡SÃºper importante saber comunicarnos, no pueden adivinarnos y es nuestra responsabilidad! #TikTok https://t.co/OCquS1ZhZ2
#SaludMental #SaludParaTodos #terapia #comunicacion #emociones #ayuda #Psicologia #parejas #toxico #relaciones #relacionpareja","Â¡NuevamenteDisponible! 
Almendra, es una historia sobre crecer, descubrirse a uno mismo y aceptar que la ayuda no siempre viene por donde la esperamos. 
Una novela breve y lacerante en la que solo la empatÃ­a puede llevar a la esperanza. 
#LibrosJuveniles #Emociones #Amistad https://t.co/wzmLomMPSz","ğŸŒ¸ Ella es Ana Bertha, una mujer que nos dejÃ³ entrar a su vida y que se ha vuelto parte de nuestra comunidad Ydanna, verla florecer es la razÃ³n por la cual nos esforzamos cada dÃ­a por cumplir nuestro propÃ³sito. ğŸŒ¸

#Sinfinesdelucro #SerParaFlorecer #Emociones #DesarrolloEmocional https://t.co/6G1fgLFhrS","ğŸ“£ Nuevo Podcast! ""RitualHabitual: Â¿QuÃ© es la literatura?"" en @Spreaker #amor #anecdotario #bardos #caperucitaroja #comeletras #cosmogonia #depresion #emociones #guttenberg #joserraortiz #literatura #literaturaoral #lirica #oralidad #origen #universo https://t.co/t4z7wmxUn7","Â¿QuÃ© es el sistema nervioso simpÃ¡tico y parasimpÃ¡tico?
Â¿CuÃ¡les son sus acciones?
Si quieres saber mÃ¡s sobre este tema, lee este increÃ­ble artÃ­culo !!

#emociones #SaludParaTodos #Psicologia #mentalhealth 

https://t.co/s0eYhsQxR9","#LaRed905 El Ministerio de Salud #MINSA ,realizÃ³ un #Festival de #Pintura Infantil, con el objetivo de que los niÃ±os y niÃ±as participantes expresen sus #emociones y necesidades a travÃ©s de #dibujos

â¬‡ï¸â¬‡ï¸â¬‡ï¸

Leer mÃ¡s: https://t.co/9jxIgbDDEl https://t.co/sa7OunE0OB","Los â€œmemesâ€ siempre han existido https://t.co/Fed8jO7VEA
#EspaÃ±ol #Meme #Antiguo #HistÃ³rico #Popular #RedesSociales #Imagen #MÃ³vil #EstÃ¡tica #Humor #Caricatura #Expresar #Emociones #Mensaje #EcuaciÃ³n #Tablilla #Arcilla","La expresiÃ³n apropiada y asertiva de emociones y sentimientos es una destreza necesaria para convivir en paz con los demÃ¡s. 

EnseÃ±ar a nuestros niÃ±os y niÃ±as a lograrlo es parte de su desarrollo armÃ³nico como personas y como seres sociales

#NNA #Emociones #Asertividad https://t.co/2THvKGo895","SegÃºn un artÃ­culo de la revista #ScientificAmerican las #expresionesfaciales solo muestran una leve seÃ±al de todas las que puede captar el #cerebro.

â˜‘ï¸ https://t.co/c4CX9mTUjd

#emociones https://t.co/J83340gklX",Ess hoyyyy es hoyyyyyğŸ˜ğŸ˜ğŸ˜ğŸ˜ğŸ˜ğŸ˜ğŸ˜ğŸ«¶ğŸ»ğŸ«¶ğŸ»ğŸ«¶ğŸ»â¤ï¸ #emociones @jaywheelerpr,Ten claro a lo que te dedicarÃ¡s https://t.co/2yA0WjLfot #PymesUnidas #emociones,"ğŸ“£ Nuevo Podcast! ""477-N-superacion-limitaciones"" en @Spreaker #alegria #amistad #amor #aprendizaje #autoconocimiento #autoestima #coaching #coherencia #crecimiento #desarrollo #emociones #felicidad #inteligenciaemocional #optimismo #pnl #saludmental https://t.co/jLmNsO0zDK","â€œPrestar atenciÃ³n a quienes parecen experimentar #emociones intensas o inusuales genera mÃ¡s sentimiento de pertenencia, la gente estÃ¡ mÃ¡s a gusto y no hay tanta rotaciÃ³nâ€ https://t.co/dtHALzC3Cs @mayomarcos de @Nebrija en #CuadernosDePeriodistas de @aprensamadrid","#Inca #Mallorca
En mi #mente hay #caos y #dolor por 1 sobredosis d #emociones El otoÃ±o tiene ese efecto sobre mi,cada aÃ±o AsÃ­ q #respiro,camino y hago fotos,#observo mi entorno y busco la manera d no dejarme arrastrar por ese dolor #saludmental #depresiÃ³n #ansiedad #autocuidado https://t.co/6R3AZcy2DP","Â¡Â¡Â¡ Buenas noches !!! Â¿Fumas? - 
YO DEJÃ‰ DE FUMAR - Un libro de #emociones para que intentes dejar de #fumar: 
https://t.co/VY8CqCRUZq
#dejardefumar #tabaco
https://t.co/AifnCGQF73","Si bien las culturas producen variaciones en el modo de interpretar afectivamente las situaciones, hay que tener en cuenta que son creaciones histÃ³ricas sobre #deseos y #emociones primarias que han buscado soluciones en entornos diferentes. @Elpanoptico__
https://t.co/XVAQRqhpNz","Basta de amores, tiempo y amistades a medias, vales mucho y mereces mÃ¡s
#IMAGOservicios #amorpropio #valentia #emociones #actitud #positivos #terapiaonline #terapiaindividual https://t.co/TJnX9UQgbO","Lee esta selecciÃ³n de artÃ­culos relacionados con los #celos, las #relacionesdepareja, #emociones #amor #psicologia
https://t.co/HYBwHmggjG #celos #cultura","Â¡El cuidado de la #saludmental tiene que formar parte de nuestra prioridad como personas y como sociedad!

En nuestro blog te proponemos rutinas que nos permitan analizar y gestionar tus #emociones, para encontrar el mÃ¡ximo #bienestar en tu vida.

https://t.co/nBVofHh7tX","#ValeriaWolf ofreciÃ³ un #performace lleno de #emociones con #soul, #hiphop en #BajoCircuito ğŸ¶ checa cÃ³mo se viviÃ³ ğŸ¶ https://t.co/Y9tNrk2E6e https://t.co/yjNTQO0ROT","Banda sonora de El CÃ³digo Da Vinci  ğŸ¼ğŸµğŸ””ğŸ’›ğŸ’™ğŸ¶ğŸ»ğŸ¶Notas que recrean sensaciones y emociones
#Musica #Livemusic #Inspiration #Art #Emociones https://t.co/K0n8qig00M","Gestionar las #emociones la clave para el cuidado de la #saludmental 
El impacto del Covid-19 y la posterior inestabilidad global han elevado la preocupaciÃ³n social por la salud. 
ğŸ‘‰https://t.co/wKu2gpvgXk a travÃ©s de @expansioncom https://t.co/9bp4nt65KM","ğŸ“£ Nuevo Podcast! ""476-D-hÃ¡bitos-practica-mentalidad"" en @Spreaker #alegria #amistad #amor #aprendizaje #autoconocimiento #autoestima #coaching #coherencia #crecimiento #desarrollo #emociones #felicidad #inteligenciaemocional #optimismo #pnl #vida https://t.co/p7wWolQ7dH","No asimilemos que fallar es sinÃ³nimo de fracasar, sino de aprender. 

Aprender de los errores es ademÃ¡s una forma excelente para adquirir tolerancia a la frustraciÃ³n, tan necesaria para un buen equilibrio emocional. 
#psicologia #aprendizaje #emociones #saludmental"
1,,,,,,,,,,,,,,,,,,,,,,,,,,,,,,,,,,,,,,,,,,,,,,,,,,,,,,,,,,,,,,,,,,,,,,,,,,,,,,,,,,,,,,,,,,,,,,,,,,,,
2,,,,,,,,,,,,,,,,,,,,,,,,,,,,,,,,,,,,,,,,,,,,,,,,,,,,,,,,,,,,,,,,,,,,,,,,,,,,,,,,,,,,,,,,,,,,,,,,,,,,
3,newest_id,oldest_id,result_count,next_token,,,,,,,,,,,,,,,,,,,,,,,,,,,,,,,,,,,,,,,,,,,,,,,,,,,,,,,,,,,,,,,,,,,,,,,,,,,,,,,,,,,,,,,,,,,,,,,,
